Workbook

Sheet Ratings
A1: Calificadora | B1: Entidad | C1: Clave | D1: Fecha Publicacion | E1: Calificacion | F1: Perspectiva | G1: Descripcion
A2: HR | B2: Aguascalientes | C2: 001 | D2: 45947 | E2: AA+ | F2: Estable | G2: {=_xlfn.XLOOKUP(A2&E2,Calificaciones!$A$2:$A$42 & Calificaciones!$B$2:$B$42,Calificaciones!$C$2:$C$42)} -> Muy alta calidad, muy bajo riesgo.
A3: HR | B3: Baja California | C3: 002 | D3: 45918 | E3: A- | F3: Estable | G3: {=_xlfn.XLOOKUP(A3&E3,Calificaciones!$A$2:$A$42 & Calificaciones!$B$2:$B$42,Calificaciones!$C$2:$C$42)} -> Seguridad aceptable, bajo riesgo.
A4: Fitch | B4: Baja California | C4: 002 | D4: 45903 | E4: A- | F4: Positiva | G4: {=_xlfn.XLOOKUP(A4&E4,Calificaciones!$A$2:$A$42 & Calificaciones!$B$2:$B$42,Calificaciones!$C$2:$C$42)} -> Alta calidad, bajo riesgo.
A5: HR | B5: Baja California Sur | C5: 003 | D5: 45887 | E5: A+ | F5: Estable | G5: {=_xlfn.XLOOKUP(A5&E5,Calificaciones!$A$2:$A$42 & Calificaciones!$B$2:$B$42,Calificaciones!$C$2:$C$42)} -> Seguridad aceptable, bajo riesgo.
A6: Fitch | B6: Baja California Sur | C6: 003 | D6: 45882 | E6: BBB+ | F6: Positiva | G6: {=_xlfn.XLOOKUP(A6&E6,Calificaciones!$A$2:$A$42 & Calificaciones!$B$2:$B$42,Calificaciones!$C$2:$C$42)} -> Buena calidad, riesgo moderado.
A7: HR | B7: Campeche | C7: 004 | D7: 46171 | E7: AA+ | F7: Estable | G7: {=_xlfn.XLOOKUP(A7&E7,Calificaciones!$A$2:$A$42 & Calificaciones!$B$2:$B$42,Calificaciones!$C$2:$C$42)} -> Muy alta calidad, muy bajo riesgo.
A8: Fitch | B8: Campeche | C8: 004 | D8: 46141 | E8: AA- | F8: Estable | G8: {=_xlfn.XLOOKUP(A8&E8,Calificaciones!$A$2:$A$42 & Calificaciones!$B$2:$B$42,Calificaciones!$C$2:$C$42)} -> Muy alta calidad, muy bajo riesgo.
A9: HR | B9: Chiapas | C9: 005 | D9: 45882 | E9: AA- | F9: Estable | G9: {=_xlfn.XLOOKUP(A9&E9,Calificaciones!$A$2:$A$42 & Calificaciones!$B$2:$B$42,Calificaciones!$C$2:$C$42)} -> Muy alta calidad, muy bajo riesgo.
A10: Fitch | B10: Chiapas | C10: 005 | D10: 46199 | E10: AA- | F10: Estable | G10: {=_xlfn.XLOOKUP(A10&E10,Calificaciones!$A$2:$A$42 & Calificaciones!$B$2:$B$42,Calificaciones!$C$2:$C$42)} -> Muy alta calidad, muy bajo riesgo.
A11: HR | B11: Chihuahua | C11: 006 | D11: 46140 | E11: A+ | F11: Negativa | G11: {=_xlfn.XLOOKUP(A11&E11,Calificaciones!$A$2:$A$42 & Calificaciones!$B$2:$B$42,Calificaciones!$C$2:$C$42)} -> Seguridad aceptable, bajo riesgo.
A12: Fitch | B12: Chihuahua | C12: 006 | D12: 45897 | E12: A | F12: Estable | G12: {=_xlfn.XLOOKUP(A12&E12,Calificaciones!$A$2:$A$42 & Calificaciones!$B$2:$B$42,Calificaciones!$C$2:$C$42)} -> Alta calidad, bajo riesgo.
A13: HR | B13: Ciudad de México | C13: 007 | D13: 45992 | E13: AAA | F13: Estable | G13: {=_xlfn.XLOOKUP(A13&E13,Calificaciones!$A$2:$A$42 & Calificaciones!$B$2:$B$42,Calificaciones!$C$2:$C$42)} -> Máxima calidad, mínimo riesgo.
... A47: Fitch | B47: Tamaulipas | C47: 028 | D47: 45849 | E47: A+ | F47: Estable | G47: {=_xlfn.XLOOKUP(A47&E47,Calificaciones!$A$2:$A$42 & Calificaciones!$B$2:$B$42,Calificaciones!$C$2:$C$42)} -> Alta calidad, bajo riesgo.
A48: N/A | B48: Tlaxcala | C48: 029 | D48: N/A | E48: N/A | F48: N/A | G48: {=_xlfn.XLOOKUP(A48&E48,Calificaciones!$A$2:$A$42 & Calificaciones!$B$2:$B$42,Calificaciones!$C$2:$C$42)} -> #N/A
A49: HR | B49: Veracruz | C49: 030 | D49: 46155 | E49: A | F49: Estable | G49: {=_xlfn.XLOOKUP(A49&E49,Calificaciones!$A$2:$A$42 & Calificaciones!$B$2:$B$42,Calificaciones!$C$2:$C$42)} -> Seguridad aceptable, bajo riesgo.
A50: Fitch | B50: Veracruz | C50: 030 | D50: 45923 | E50: A | F50: Estable | G50: {=_xlfn.XLOOKUP(A50&E50,Calificaciones!$A$2:$A$42 & Calificaciones!$B$2:$B$42,Calificaciones!$C$2:$C$42)} -> Alta calidad, bajo riesgo.
A51: HR | B51: Yucatán | C51: 031 | D51: 46106 | E51: AA+ | F51: Positiva | G51: {=_xlfn.XLOOKUP(A51&E51,Calificaciones!$A$2:$A$42 & Calificaciones!$B$2:$B$42,Calificaciones!$C$2:$C$42)} -> Muy alta calidad, muy bajo riesgo.
A52: Fitch | B52: Yucatán | C52: 031 | D52: 46155 | E52: AA- | F52: Negativa | G52: {=_xlfn.XLOOKUP(A52&E52,Calificaciones!$A$2:$A$42 & Calificaciones!$B$2:$B$42,Calificaciones!$C$2:$C$42)} -> Muy alta calidad, muy bajo riesgo.
A53: HR | B53: Zacatecas | C53: 032 | D53: 45867 | E53: A+ | F53: Positiva | G53: {=_xlfn.XLOOKUP(A53&E53,Calificaciones!$A$2:$A$42 & Calificaciones!$B$2:$B$42,Calificaciones!$C$2:$C$42)} -> Seguridad aceptable, bajo riesgo.
A54: Fitch | B54: Zacatecas | C54: 032 | D54: 45869 | E54: AA- | F54: Estable | G54: {=_xlfn.XLOOKUP(A54&E54,Calificaciones!$A$2:$A$42 & Calificaciones!$B$2:$B$42,Calificaciones!$C$2:$C$42)} -> Muy alta calidad, muy bajo riesgo.

Sheet Calificaciones
A1: Calificadora | B1: Calificacion | C1: Descripción
A2: HR | B2: AAA | C2: Máxima calidad, mínimo riesgo.
A3: HR | B3: AA+ | C3: Muy alta calidad, muy bajo riesgo.
A4: HR | B4: AA | C4: Muy alta calidad, muy bajo riesgo.
A5: HR | B5: AA- | C5: Muy alta calidad, muy bajo riesgo.
A6: HR | B6: A+ | C6: Seguridad aceptable, bajo riesgo.
A7: HR | B7: A | C7: Seguridad aceptable, bajo riesgo.
A8: HR | B8: A- | C8: Seguridad aceptable, bajo riesgo.
A9: HR | B9: BBB+ | C9: Seguridad moderada, riesgo moderado.
A10: HR | B10: BBB | C10: Seguridad moderada, riesgo moderado.
A11: HR | B11: BBB- | C11: Seguridad moderada, riesgo moderado.
A12: HR | B12: BB+ | C12: Seguridad insuficiente, alto riesgo.
... A42: Fitch | B42: D | C42: Emisores probablemente no paguen obligaciones, proceso de quiebra.
